article,content,fans,name
386381篇文章,"玩转简书的第一步，从这个专题开始。

想上首页热门榜么？好内容想被...",193.9K人关注,首页投稿
134593篇文章,欢迎关注公众号简宝玉( 公众号ID : jianshu4321 )后台...,953.1K人关注,连载小说
163844篇文章,故事专题，不论是旅行生活中亲身经历的真实故事，还是童话玄幻遐想的虚构故...,777.1K人关注,故事
81997篇文章,欢迎关注公众号简宝玉( 公众号ID : jianshu4321 )后台...,714.7K人关注,程序员
98343篇文章,邂逅一座城池，讲述一段故事，分享你的旅行。欢迎来到「旅行·在路上」专题...,1903.0K人关注,旅行·在路上
68959篇文章,"借一斑略知全豹 ，以一目尽传精神。

阅读简书最好看的故事，欢迎订...",1773.3K人关注,短篇小说
11710篇文章,"投稿须知：
1、字数不限，收入以哲学思辨（中西方哲学观点和作者本人的...",1094.3K人关注,哲思
57707篇文章,欢迎关注公众号简宝玉( 公众号ID : jianshu4321 )后台...,1421.3K人关注,摄影
42878篇文章,欢迎关注公众号简宝玉( 公众号ID : jianshu4321 )后台...,1171.1K人关注,@IT·互联网
35764篇文章,"投稿须知：

■人物专题仅收录以人物为主题的文章。例如：历史人物，...",858.4K人关注,人物
10192篇文章,"少年，一起来玩游戏吗？

投稿须知：
1.本专题仅收录关于游戏相...",268.7K人关注,电竞·游戏
324736篇文章,"提高写作能力，成为更好的自己。

练习每天写 1000 字，打卡提...",107.5K人关注,每天写1000字
120903篇文章,"每周写500字，一年26000字，已经可以参加简书的作者成书计划了。...",61.4K人关注,每周500字
43720篇文章,每天给自己一首诗的时间。,71.5K人关注,一首诗的时间
207848篇文章,"公告：野草诗会，简诗，花非花诗集，是极光视界旗下的一个诗会。

极...",53.7K人关注,简诗
7785篇文章,人类善于学习. 所以学的姿势越来越多. 但我们不是只有肉体. 我们还有...,77.4K人关注,一直写到老的故事
10992篇文章,提醒：投稿以前请先看一下下方的《投稿须知》：http://www.ji...,96.5K人关注,有意思的文章
1099篇文章,一切温暖、冷酷，长的、短的，亲情、友情、爱情，皆可成章，惟愿你我在此相...,71.9K人关注,随笔集
2155篇文章,爱情这个似懂非懂似有似无，不舍的放弃却也不清楚是否拥有，不是暧昧不清，...,56.2K人关注,我想到的爱情是什么样子？
28244篇文章,ta们开心就好,50.9K人关注,最后，TA们没有在一起
3104篇文章,"要相信，你生命中遇到的每一个人都有深意。
每一段故事都是会呼吸会眨眼...",59.0K人关注,路人故事
3669篇文章,"如果你们提前了解了，你们要面对的人生，你们是否有勇气前来

",64.7K人关注,好姑娘要光芒万丈
185744篇文章,青春是诗，青春是歌，青春是画，青春是书桌上那沓厚厚的试卷，是寄给隔壁班...,1398.8K人关注,青春
116850篇文章,是【诗友会】的子专题,27.8K人关注,简诗集
1928篇文章,谈谈感情，谈谈人生，仅此而已,10.7K人关注,关于爱情
1368篇文章,一座山、一条河、一个帝国，星辰的形状都可能是神的话语。欢迎来稿，讲一讲...,11.0K人关注,城 事
0篇文章,关注最新的科学上网资讯，收集各种设备上的科学上网工具，评测推荐稳定靠谱...,17.0K人关注,科学上网
22886篇文章,任何的感情太重的话势必会回过头来伤害自己。只是情到深处，无可选择。若感...,9.9K人关注,长篇爱情小说‖连载
965篇文章,这是产品经理的聚集地，收录产品、运营、交互、用户体验、文档、工具、经验...,21.4K人关注,产品 | 运营
25503篇文章,分享Android开发的知识，教程，解析，前沿信息，都可以，欢迎大家投...,32.8K人关注,Android知识
36473篇文章,"【简介】
一场大学一场梦，作为人生最美好的时光，总得为这段美好留下点...",24.5K人关注,我的大学
7733篇文章,每个人心中都有一部自己的小说！,7.6K人关注,我们的小说
34432篇文章,"人情冷暖、世态炎凉，记得用右手温暖左手。
欢迎大家踊跃投稿。
",18.4K人关注,那些鼓舞青春的文章
3676篇文章,"本专题暂停收稿。

用图片描述世界，表达世界。

投稿须知：本...",321.3K人关注,读图时代
3686篇文章,从0到1，折腾产品,7.7K人关注,产品之光
30篇文章,个人知识管理,15.2K人关注,知识管理
17604篇文章,"让我们在诗歌里安眠，在诗歌中醒来。
",7.3K人关注,睡在诗歌里
897篇文章,"用户导向设计、交互设计与用户体验的平衡。
",20.0K人关注,交互设计与用户体验
374篇文章,"与社交媒体营销、创意、传播相关。
— 技巧干货 ·  案例分析 ·实...",15.0K人关注,社交媒体营销
619篇文章,"一张照片，一个故事，不讲大道理，简单的记录生活就够了。
投稿注意：光...",24.0K人关注,图片故事
1904篇文章,"【您可以看到什么？】
单反、微单摄影技巧、摄影知识等。

摄影是...",34.0K人关注,摄影技巧
101篇文章,“简书福利社”是一个发布福利的平台，任何人都可以在这里发布福利或是索取...,11.5K人关注,简书福利社
153篇文章,Mac从入门到精通，看这个专题就对了。,15.3K人关注,玩转Mac
6732篇文章,只收录精华文章，至少能让别人从你的标题看出内文想说什么。,21.7K人关注,产品经理
925篇文章,沟通想法，分享知识，欢迎大家分享一些好的文章。,11.0K人关注,iOS Development
23982篇文章,每次读书，总是有一些句子感同身受，撞击心灵。有的回味无穷，有的受益匪浅！,12.1K人关注,读书笔记
25653篇文章,字字珠玑,13.6K人关注,古体诗
76946篇文章,柏拉图说每个恋爱中的人都是诗人，这里并不要求你一定要写得诗情画意，态度...,1149.9K人关注,谈谈情，说说爱
5456篇文章,"【在生活中写作和阅读，在书后感交流和深思】

微信公众号：书后感（...",33.3K人关注,书后感
112篇文章,用于提高各种效率的工具和方法搜集,34.8K人关注,工具& 方法
29635篇文章,嗯，我爱看的连载，都在这里了。,6.3K人关注,就爱看连载
77066篇文章,"公告：野草诗会，简诗，花非花诗集，是极光视界旗下的一个诗会。

极...",12.6K人关注,野草诗会
2565篇文章,一切跟旅行相关的故事、见闻、风景和人物,23.8K人关注,旅行的故事
2607篇文章,这些怪东西，可能是小说，可能是故事，可能只是一些淹没在嘈杂世事中的片段...,16.5K人关注,怪东西
951篇文章," 【简介】
专题内容主要包括OC、swift等涉及到iOS开发进阶的...",25.9K人关注,iOS开发技巧
5504篇文章,研究或深或浅，间或言而有性，学习永无止境，历史、文学、艺术、电影、家庭...,20.3K人关注,研究▪性▪学习
22184篇文章,"年轻的你，在这里遇见更好的她/他和自己
加入《大学生世界》读者交流群...",30.5K人关注,大学生世界
296篇文章,一不小心就长大了，我只想记录下青春，假装自己长不大。就这样，写自己的故...,12.7K人关注,长不大小姐的故事
77篇文章,交流和探讨最高效的学习方法，让知识落地，让知识创造价值。,37.2K人关注,高效学习
34303篇文章,欢迎关注公众号简宝玉( 公众号ID : jianshu4321 )后台...,1407.7K人关注,美食
118篇文章,"我有一个创业梦，我有一颗创业心，我将要起航，我要记录创业的点滴。
希...",29.9K人关注,创业
267篇文章,我们是@声色犬马Hedonist ，致力于挖掘不一样的生活意趣。我们讲...,20.5K人关注,声色犬马Hedonist
2968篇文章,嗨，欢迎来到这里！我们是一群喜欢写作的伙伴，爱学习，爱交流，乐分享，习...,19.0K人关注,主题写作
8287篇文章,注意事项：一、投稿通过视为同意发表到同名微信公众号“吃喝的讲究”。二、...,32.5K人关注,吃喝的讲究
540篇文章,简书热文永留存。,24.3K人关注,简书热文
22篇文章,那些与成长有关的故事,14.9K人关注,成长的故事
2049篇文章,停止运营维护,11.3K人关注,互联网杂谈
321篇文章,"那些适合读了再读的文章……

关注简书官方微信公众号（ jians...",443.9K人关注,经典重读
163928篇文章,"投稿须知：
读书专题仅收录与读书有关的书评、读书笔记、阅读方法、读书...",2587.0K人关注,读书
2794篇文章,产品经理的实战,15.0K人关注,PMskill
6151篇文章,是否有想对他或她说的话，是否有想说却没有说出来的话，不论最后你是得到，...,13.1K人关注,关于爱情那点事
3174篇文章,《知了》专题大到包罗IT业及互联网的大情小态，小到收罗便利的工具和应用...,57.8K人关注,知了·IT
35131篇文章,感性和理性的事儿也很有意思。如果人们不在一个波段频率上，就不可避免地要...,40.3K人关注,小说的各种小说
78495篇文章,喧嚣时代，这里是你安静码字的地方,22.9K人关注,每天写500字
13376篇文章,【在简书写诗，在自成诗社】只接受原创诗歌类作品（诗歌、诗评、诗歌活动等...,18.4K人关注,自成诗社
745篇文章,故事，真的假的不重要，温暖的搞笑的惊悚的也都不重要，重要的是，爱看故事...,42.4K人关注,你才不知道那些故事有多好听
60133篇文章,每周五我们在简书会议室放电影，欢迎将与电影有关的文章投稿到此专题，作为...,52.8K人关注,简书电影院
30917篇文章,每个写小说的孩纸都是多了一副翼的天使,22.2K人关注,我也爱写小说
61篇文章,"出售各种酷炫的东西，快来关注吧

商业合作请邮件：contact@...",44.3K人关注,简书市集
3730篇文章,专辑暂时停止收稿，改为找稿制，择良日重新再收。,43.5K人关注,成为更优秀的姑娘，过更美好的一生
1370篇文章,"1.记录那些读书后的文字

2.建议投稿书友在标题或文章前面有标注/提...",46.7K人关注,读书笔记
4088篇文章,过去的爱情，现在的爱情，未来的爱情，都值得我们去记录,32.1K人关注,爱情那点事儿
6374篇文章,这是产品经理的聚集地，欢迎大家投稿或者找我聊产品，可以加我微信： li...,28.6K人关注,0岁的产品经理
43406篇文章,"关注互联网、科技。
------------------------...",34.8K人关注,互联网科技
4342篇文章,"读书的心得与思考

本专题将关闭投稿通道：http://www.j...",42.1K人关注,读书笔记
53441篇文章,"公告：野草诗会，简诗，花非花诗集，是极光视界旗下的一个诗会。

极...",16.5K人关注,花非花诗集
26577篇文章,"
**简书-投资理财   ①号群正式招募
**申请加入微信群请加个...",30.5K人关注,投资理财
40篇文章,"If you're too old to change, don't ...",28.9K人关注,早点读到就好了
1208篇文章,我只要原创、有趣的历史。原创，是指写他人不曾写的新事实或有史可据的新观...,44.6K人关注,有趣的历史小段子
27276篇文章,分享 iOS 开发的知识，解决大家遇到的问题，讨论iOS开发的前沿，欢...,34.0K人关注,iOS Developer
1219篇文章,"平凡生活中的点滴，比较倾向于原创文章，读后多少能给大家些启发或考虑。...",18.7K人关注,生活着
674篇文章,重点关注：产品经理基础知识，实用产品方法论，工作中的实际项目经验。帮助...,30.1K人关注,产品汪的不归路
102篇文章,"思考如何优雅的生活，嬉笑怒骂皆可以。
这是简书最优雅的专题。",58.8K人关注,如何优雅
251111篇文章,欢迎关注公众号简宝玉( 公众号ID : jianshu4321 )后台...,1382.2K人关注,诗
20篇文章,那些值得记下的台词,42.7K人关注,【电影截图】这句台词戳中我
